<BackupInst xmlns="http://www.microsoft.com/GroupPolicy/GPOOperations/Manifest"><GPOGuid><![CDATA[{1DB1C958-F33F-4AB6-815D-152B87265076}]]></GPOGuid><GPODomain><![CDATA[abydon.home]]></GPODomain><GPODomainGuid><![CDATA[{66fbbf29-7fff-4a57-83fe-63dfba22aa11}]]></GPODomainGuid><GPODomainController><![CDATA[DC001.abydon.home]]></GPODomainController><BackupTime><![CDATA[2021-08-20T04:00:14]]></BackupTime><ID><![CDATA[{89C8D123-5579-4B0F-8282-601A86D68635}]]></ID><Comment><![CDATA[very basic client GPO incl. RDP]]></Comment><GPODisplayName><![CDATA[aby-ws_01]]></GPODisplayName></BackupInst>
